Text,Tags
¿Como se cocina un pastel?,Recetas
¿Como se cocina un pastel?,Cocina
¿Cómo cambio la batería de mi auto?,Automóviles
¿Cómo cambio la batería de mi auto?,Manenimiento
¿Cuántas patas tiene un gato?,Animales
¿Cuántas patas tiene un gato?,Mascotas
¿Cómo hacer una ensalada de frutas?,Recetas
¿Cómo hacer una ensalada de frutas?,Cocina
¿Cómo reparar una llanta pinchada?,Automóviles
¿Cómo reparar una llanta pinchada?,Mantenimiento
¿Cómo reparar una llanta pinchada?,Mantenimiento
¿Qué cuidados necesita un cachorro?,Animales
¿Qué cuidados necesita un cachorro?,Mascotas
¿Cómo puedo aprender a programar?,Tecnología
¿Cómo puedo aprender a programar?,Informática
¿Cuáles son los mejores ejercicios para quemar grasa?,Salud
¿Cuáles son los mejores ejercicios para quemar grasa?,Ejercicio
¿Cómo preparar un cóctel margarita?,Bebidas
¿Cómo preparar un cóctel margarita?,Coctelería
¿Cómo preparar un café?,Bebidas
¿Cómo preparar un café?,Cocina
¿Cuál es la mejor forma de estudiar para un examen?,Educación
¿Cuál es la mejor forma de estudiar para un examen?,Estudio
¿Cómo arreglo la tubería de mi baño?,Hogar
¿Cómo arreglo la tubería de mi baño?,Plomería
¿Cuál es la mejor manera de hacer ejercicio en casa?,Salud
¿Cuál es la mejor manera de hacer ejercicio en casa?,Ejercicio
¿Cómo hago para tener una piel saludable?,Belleza
¿Cómo hago para tener una piel saludable?,CuidadoPersonal
¿Cuál es la mejor forma de invertir mi dinero?,Finanzas
¿Cuál es la mejor forma de invertir mi dinero?,Inversiones
